trial,preprocess,pca_dim,model,noise_sigma,test_accuracy,cv_mean_accuracy,cv_std_accuracy,best_params_json,feature_dim_after_transform,prediction_file
0,raw,,logistic,0.0,0.8945,0.8885,0.008746427842267928,"{""C"": 0.1}",784,prediction_artifacts/trial0__raw__pcaNone__logistic.npz
0,raw,,logistic,0.1,0.8935,0.8885,0.008746427842267928,"{""C"": 0.1}",784,prediction_artifacts/trial0__raw__pcaNone__logistic.npz
0,raw,,logistic,0.2,0.883,0.8885,0.008746427842267928,"{""C"": 0.1}",784,prediction_artifacts/trial0__raw__pcaNone__logistic.npz
0,raw,,logistic,0.3,0.845,0.8885,0.008746427842267928,"{""C"": 0.1}",784,prediction_artifacts/trial0__raw__pcaNone__logistic.npz
0,raw,,logistic,0.4,0.7665,0.8885,0.008746427842267928,"{""C"": 0.1}",784,prediction_artifacts/trial0__raw__pcaNone__logistic.npz
0,raw,,linear_svm,0.0,0.8895,0.8870000000000001,0.01354621718414407,"{""C"": 0.01}",784,prediction_artifacts/trial0__raw__pcaNone__linear_svm.npz
0,raw,,linear_svm,0.1,0.889,0.8870000000000001,0.01354621718414407,"{""C"": 0.01}",784,prediction_artifacts/trial0__raw__pcaNone__linear_svm.npz
0,raw,,linear_svm,0.2,0.8815,0.8870000000000001,0.01354621718414407,"{""C"": 0.01}",784,prediction_artifacts/trial0__raw__pcaNone__linear_svm.npz
0,raw,,linear_svm,0.3,0.8575,0.8870000000000001,0.01354621718414407,"{""C"": 0.01}",784,prediction_artifacts/trial0__raw__pcaNone__linear_svm.npz
0,raw,,linear_svm,0.4,0.7815,0.8870000000000001,0.01354621718414407,"{""C"": 0.01}",784,prediction_artifacts/trial0__raw__pcaNone__linear_svm.npz
0,raw,,knn,0.0,0.9255,0.9165000000000001,0.013190905958272929,"{""n_neighbors"": 3, ""weights"": ""distance""}",784,prediction_artifacts/trial0__raw__pcaNone__knn.npz
0,raw,,knn,0.1,0.9245,0.9165000000000001,0.013190905958272929,"{""n_neighbors"": 3, ""weights"": ""distance""}",784,prediction_artifacts/trial0__raw__pcaNone__knn.npz
0,raw,,knn,0.2,0.928,0.9165000000000001,0.013190905958272929,"{""n_neighbors"": 3, ""weights"": ""distance""}",784,prediction_artifacts/trial0__raw__pcaNone__knn.npz
0,raw,,knn,0.3,0.9105,0.9165000000000001,0.013190905958272929,"{""n_neighbors"": 3, ""weights"": ""distance""}",784,prediction_artifacts/trial0__raw__pcaNone__knn.npz
0,raw,,knn,0.4,0.9175,0.9165000000000001,0.013190905958272929,"{""n_neighbors"": 3, ""weights"": ""distance""}",784,prediction_artifacts/trial0__raw__pcaNone__knn.npz
0,standard,,logistic,0.0,0.886,0.8879999999999999,0.00927361849549572,"{""C"": 10.0}",784,prediction_artifacts/trial0__standard__pcaNone__logistic.npz
0,standard,,logistic,0.1,0.7435,0.8879999999999999,0.00927361849549572,"{""C"": 10.0}",784,prediction_artifacts/trial0__standard__pcaNone__logistic.npz
0,standard,,logistic,0.2,0.469,0.8879999999999999,0.00927361849549572,"{""C"": 10.0}",784,prediction_artifacts/trial0__standard__pcaNone__logistic.npz
0,standard,,logistic,0.3,0.326,0.8879999999999999,0.00927361849549572,"{""C"": 10.0}",784,prediction_artifacts/trial0__standard__pcaNone__logistic.npz
0,standard,,logistic,0.4,0.23,0.8879999999999999,0.00927361849549572,"{""C"": 10.0}",784,prediction_artifacts/trial0__standard__pcaNone__logistic.npz
0,standard,,linear_svm,0.0,0.8545,0.8405000000000001,0.010885770528538615,"{""C"": 0.01}",784,prediction_artifacts/trial0__standard__pcaNone__linear_svm.npz
0,standard,,linear_svm,0.1,0.3345,0.8405000000000001,0.010885770528538615,"{""C"": 0.01}",784,prediction_artifacts/trial0__standard__pcaNone__linear_svm.npz
0,standard,,linear_svm,0.2,0.1985,0.8405000000000001,0.010885770528538615,"{""C"": 0.01}",784,prediction_artifacts/trial0__standard__pcaNone__linear_svm.npz
0,standard,,linear_svm,0.3,0.171,0.8405000000000001,0.010885770528538615,"{""C"": 0.01}",784,prediction_artifacts/trial0__standard__pcaNone__linear_svm.npz
0,standard,,linear_svm,0.4,0.133,0.8405000000000001,0.010885770528538615,"{""C"": 0.01}",784,prediction_artifacts/trial0__standard__pcaNone__linear_svm.npz
0,standard,,knn,0.0,0.865,0.861,0.01813835714721702,"{""n_neighbors"": 5, ""weights"": ""distance""}",784,prediction_artifacts/trial0__standard__pcaNone__knn.npz
0,standard,,knn,0.1,0.8025,0.861,0.01813835714721702,"{""n_neighbors"": 5, ""weights"": ""distance""}",784,prediction_artifacts/trial0__standard__pcaNone__knn.npz
0,standard,,knn,0.2,0.4485,0.861,0.01813835714721702,"{""n_neighbors"": 5, ""weights"": ""distance""}",784,prediction_artifacts/trial0__standard__pcaNone__knn.npz
0,standard,,knn,0.3,0.1855,0.861,0.01813835714721702,"{""n_neighbors"": 5, ""weights"": ""distance""}",784,prediction_artifacts/trial0__standard__pcaNone__knn.npz
0,standard,,knn,0.4,0.115,0.861,0.01813835714721702,"{""n_neighbors"": 5, ""weights"": ""distance""}",784,prediction_artifacts/trial0__standard__pcaNone__knn.npz
0,minmax,,logistic,0.0,0.8945,0.8879999999999999,0.008426149773176328,"{""C"": 0.1}",784,prediction_artifacts/trial0__minmax__pcaNone__logistic.npz
0,minmax,,logistic,0.1,0.894,0.8879999999999999,0.008426149773176328,"{""C"": 0.1}",784,prediction_artifacts/trial0__minmax__pcaNone__logistic.npz
0,minmax,,logistic,0.2,0.882,0.8879999999999999,0.008426149773176328,"{""C"": 0.1}",784,prediction_artifacts/trial0__minmax__pcaNone__logistic.npz
0,minmax,,logistic,0.3,0.839,0.8879999999999999,0.008426149773176328,"{""C"": 0.1}",784,prediction_artifacts/trial0__minmax__pcaNone__logistic.npz
0,minmax,,logistic,0.4,0.7515,0.8879999999999999,0.008426149773176328,"{""C"": 0.1}",784,prediction_artifacts/trial0__minmax__pcaNone__logistic.npz
0,minmax,,linear_svm,0.0,0.89,0.8875,0.01378404875209023,"{""C"": 0.01}",784,prediction_artifacts/trial0__minmax__pcaNone__linear_svm.npz
0,minmax,,linear_svm,0.1,0.889,0.8875,0.01378404875209023,"{""C"": 0.01}",784,prediction_artifacts/trial0__minmax__pcaNone__linear_svm.npz
0,minmax,,linear_svm,0.2,0.8795,0.8875,0.01378404875209023,"{""C"": 0.01}",784,prediction_artifacts/trial0__minmax__pcaNone__linear_svm.npz
0,minmax,,linear_svm,0.3,0.844,0.8875,0.01378404875209023,"{""C"": 0.01}",784,prediction_artifacts/trial0__minmax__pcaNone__linear_svm.npz
0,minmax,,linear_svm,0.4,0.7575,0.8875,0.01378404875209023,"{""C"": 0.01}",784,prediction_artifacts/trial0__minmax__pcaNone__linear_svm.npz
0,minmax,,knn,0.0,0.9255,0.9164999999999999,0.011895377253370336,"{""n_neighbors"": 3, ""weights"": ""distance""}",784,prediction_artifacts/trial0__minmax__pcaNone__knn.npz
0,minmax,,knn,0.1,0.9195,0.9164999999999999,0.011895377253370336,"{""n_neighbors"": 3, ""weights"": ""distance""}",784,prediction_artifacts/trial0__minmax__pcaNone__knn.npz
0,minmax,,knn,0.2,0.921,0.9164999999999999,0.011895377253370336,"{""n_neighbors"": 3, ""weights"": ""distance""}",784,prediction_artifacts/trial0__minmax__pcaNone__knn.npz
0,minmax,,knn,0.3,0.904,0.9164999999999999,0.011895377253370336,"{""n_neighbors"": 3, ""weights"": ""distance""}",784,prediction_artifacts/trial0__minmax__pcaNone__knn.npz
0,minmax,,knn,0.4,0.9015,0.9164999999999999,0.011895377253370336,"{""n_neighbors"": 3, ""weights"": ""distance""}",784,prediction_artifacts/trial0__minmax__pcaNone__knn.npz
0,pca,16.0,logistic,0.0,0.85,0.845,0.010954451150103317,"{""C"": 0.1}",16,prediction_artifacts/trial0__pca__pca16__logistic.npz
0,pca,16.0,logistic,0.1,0.8515,0.845,0.010954451150103317,"{""C"": 0.1}",16,prediction_artifacts/trial0__pca__pca16__logistic.npz
0,pca,16.0,logistic,0.2,0.8375,0.845,0.010954451150103317,"{""C"": 0.1}",16,prediction_artifacts/trial0__pca__pca16__logistic.npz
0,pca,16.0,logistic,0.3,0.808,0.845,0.010954451150103317,"{""C"": 0.1}",16,prediction_artifacts/trial0__pca__pca16__logistic.npz
0,pca,16.0,logistic,0.4,0.747,0.845,0.010954451150103317,"{""C"": 0.1}",16,prediction_artifacts/trial0__pca__pca16__logistic.npz
0,pca,16.0,linear_svm,0.0,0.835,0.8234999999999999,0.0115758369027902,"{""C"": 10.0}",16,prediction_artifacts/trial0__pca__pca16__linear_svm.npz
0,pca,16.0,linear_svm,0.1,0.8335,0.8234999999999999,0.0115758369027902,"{""C"": 10.0}",16,prediction_artifacts/trial0__pca__pca16__linear_svm.npz
0,pca,16.0,linear_svm,0.2,0.786,0.8234999999999999,0.0115758369027902,"{""C"": 10.0}",16,prediction_artifacts/trial0__pca__pca16__linear_svm.npz
0,pca,16.0,linear_svm,0.3,0.7175,0.8234999999999999,0.0115758369027902,"{""C"": 10.0}",16,prediction_artifacts/trial0__pca__pca16__linear_svm.npz
0,pca,16.0,linear_svm,0.4,0.689,0.8234999999999999,0.0115758369027902,"{""C"": 10.0}",16,prediction_artifacts/trial0__pca__pca16__linear_svm.npz
0,pca,16.0,knn,0.0,0.9255,0.9135,0.014628738838327807,"{""n_neighbors"": 5, ""weights"": ""distance""}",16,prediction_artifacts/trial0__pca__pca16__knn.npz
0,pca,16.0,knn,0.1,0.925,0.9135,0.014628738838327807,"{""n_neighbors"": 5, ""weights"": ""distance""}",16,prediction_artifacts/trial0__pca__pca16__knn.npz
0,pca,16.0,knn,0.2,0.922,0.9135,0.014628738838327807,"{""n_neighbors"": 5, ""weights"": ""distance""}",16,prediction_artifacts/trial0__pca__pca16__knn.npz
0,pca,16.0,knn,0.3,0.9005,0.9135,0.014628738838327807,"{""n_neighbors"": 5, ""weights"": ""distance""}",16,prediction_artifacts/trial0__pca__pca16__knn.npz
0,pca,16.0,knn,0.4,0.871,0.9135,0.014628738838327807,"{""n_neighbors"": 5, ""weights"": ""distance""}",16,prediction_artifacts/trial0__pca__pca16__knn.npz
0,pca,32.0,logistic,0.0,0.881,0.8835000000000001,0.01270826502713883,"{""C"": 0.1}",32,prediction_artifacts/trial0__pca__pca32__logistic.npz
0,pca,32.0,logistic,0.1,0.8795,0.8835000000000001,0.01270826502713883,"{""C"": 0.1}",32,prediction_artifacts/trial0__pca__pca32__logistic.npz
0,pca,32.0,logistic,0.2,0.8735,0.8835000000000001,0.01270826502713883,"{""C"": 0.1}",32,prediction_artifacts/trial0__pca__pca32__logistic.npz
0,pca,32.0,logistic,0.3,0.844,0.8835000000000001,0.01270826502713883,"{""C"": 0.1}",32,prediction_artifacts/trial0__pca__pca32__logistic.npz
0,pca,32.0,logistic,0.4,0.785,0.8835000000000001,0.01270826502713883,"{""C"": 0.1}",32,prediction_artifacts/trial0__pca__pca32__logistic.npz
0,pca,32.0,linear_svm,0.0,0.87,0.8795,0.0036742346141747312,"{""C"": 0.1}",32,prediction_artifacts/trial0__pca__pca32__linear_svm.npz
0,pca,32.0,linear_svm,0.1,0.872,0.8795,0.0036742346141747312,"{""C"": 0.1}",32,prediction_artifacts/trial0__pca__pca32__linear_svm.npz
0,pca,32.0,linear_svm,0.2,0.8575,0.8795,0.0036742346141747312,"{""C"": 0.1}",32,prediction_artifacts/trial0__pca__pca32__linear_svm.npz
0,pca,32.0,linear_svm,0.3,0.82,0.8795,0.0036742346141747312,"{""C"": 0.1}",32,prediction_artifacts/trial0__pca__pca32__linear_svm.npz
0,pca,32.0,linear_svm,0.4,0.759,0.8795,0.0036742346141747312,"{""C"": 0.1}",32,prediction_artifacts/trial0__pca__pca32__linear_svm.npz
0,pca,32.0,knn,0.0,0.9365,0.9279999999999999,0.011113055385446456,"{""n_neighbors"": 3, ""weights"": ""distance""}",32,prediction_artifacts/trial0__pca__pca32__knn.npz
0,pca,32.0,knn,0.1,0.9375,0.9279999999999999,0.011113055385446456,"{""n_neighbors"": 3, ""weights"": ""distance""}",32,prediction_artifacts/trial0__pca__pca32__knn.npz
0,pca,32.0,knn,0.2,0.9365,0.9279999999999999,0.011113055385446456,"{""n_neighbors"": 3, ""weights"": ""distance""}",32,prediction_artifacts/trial0__pca__pca32__knn.npz
0,pca,32.0,knn,0.3,0.9325,0.9279999999999999,0.011113055385446456,"{""n_neighbors"": 3, ""weights"": ""distance""}",32,prediction_artifacts/trial0__pca__pca32__knn.npz
0,pca,32.0,knn,0.4,0.9275,0.9279999999999999,0.011113055385446456,"{""n_neighbors"": 3, ""weights"": ""distance""}",32,prediction_artifacts/trial0__pca__pca32__knn.npz
0,pca,64.0,logistic,0.0,0.894,0.8885,0.01260952021291849,"{""C"": 0.1}",64,prediction_artifacts/trial0__pca__pca64__logistic.npz
0,pca,64.0,logistic,0.1,0.8905,0.8885,0.01260952021291849,"{""C"": 0.1}",64,prediction_artifacts/trial0__pca__pca64__logistic.npz
0,pca,64.0,logistic,0.2,0.8755,0.8885,0.01260952021291849,"{""C"": 0.1}",64,prediction_artifacts/trial0__pca__pca64__logistic.npz
0,pca,64.0,logistic,0.3,0.8535,0.8885,0.01260952021291849,"{""C"": 0.1}",64,prediction_artifacts/trial0__pca__pca64__logistic.npz
0,pca,64.0,logistic,0.4,0.7995,0.8885,0.01260952021291849,"{""C"": 0.1}",64,prediction_artifacts/trial0__pca__pca64__logistic.npz
0,pca,64.0,linear_svm,0.0,0.886,0.8779999999999999,0.007968688725254594,"{""C"": 0.1}",64,prediction_artifacts/trial0__pca__pca64__linear_svm.npz
0,pca,64.0,linear_svm,0.1,0.882,0.8779999999999999,0.007968688725254594,"{""C"": 0.1}",64,prediction_artifacts/trial0__pca__pca64__linear_svm.npz
0,pca,64.0,linear_svm,0.2,0.8645,0.8779999999999999,0.007968688725254594,"{""C"": 0.1}",64,prediction_artifacts/trial0__pca__pca64__linear_svm.npz
0,pca,64.0,linear_svm,0.3,0.834,0.8779999999999999,0.007968688725254594,"{""C"": 0.1}",64,prediction_artifacts/trial0__pca__pca64__linear_svm.npz
0,pca,64.0,linear_svm,0.4,0.7605,0.8779999999999999,0.007968688725254594,"{""C"": 0.1}",64,prediction_artifacts/trial0__pca__pca64__linear_svm.npz
0,pca,64.0,knn,0.0,0.932,0.9265000000000001,0.011247221879201998,"{""n_neighbors"": 3, ""weights"": ""distance""}",64,prediction_artifacts/trial0__pca__pca64__knn.npz
0,pca,64.0,knn,0.1,0.9345,0.9265000000000001,0.011247221879201998,"{""n_neighbors"": 3, ""weights"": ""distance""}",64,prediction_artifacts/trial0__pca__pca64__knn.npz
0,pca,64.0,knn,0.2,0.933,0.9265000000000001,0.011247221879201998,"{""n_neighbors"": 3, ""weights"": ""distance""}",64,prediction_artifacts/trial0__pca__pca64__knn.npz
0,pca,64.0,knn,0.3,0.9245,0.9265000000000001,0.011247221879201998,"{""n_neighbors"": 3, ""weights"": ""distance""}",64,prediction_artifacts/trial0__pca__pca64__knn.npz
0,pca,64.0,knn,0.4,0.9295,0.9265000000000001,0.011247221879201998,"{""n_neighbors"": 3, ""weights"": ""distance""}",64,prediction_artifacts/trial0__pca__pca64__knn.npz
0,pca,128.0,logistic,0.0,0.891,0.8889999999999999,0.010559356040971427,"{""C"": 0.1}",128,prediction_artifacts/trial0__pca__pca128__logistic.npz
0,pca,128.0,logistic,0.1,0.8915,0.8889999999999999,0.010559356040971427,"{""C"": 0.1}",128,prediction_artifacts/trial0__pca__pca128__logistic.npz
0,pca,128.0,logistic,0.2,0.8815,0.8889999999999999,0.010559356040971427,"{""C"": 0.1}",128,prediction_artifacts/trial0__pca__pca128__logistic.npz
0,pca,128.0,logistic,0.3,0.861,0.8889999999999999,0.010559356040971427,"{""C"": 0.1}",128,prediction_artifacts/trial0__pca__pca128__logistic.npz
0,pca,128.0,logistic,0.4,0.7905,0.8889999999999999,0.010559356040971427,"{""C"": 0.1}",128,prediction_artifacts/trial0__pca__pca128__logistic.npz
0,pca,128.0,linear_svm,0.0,0.8785,0.8739999999999999,0.013838352503098039,"{""C"": 0.01}",128,prediction_artifacts/trial0__pca__pca128__linear_svm.npz
0,pca,128.0,linear_svm,0.1,0.881,0.8739999999999999,0.013838352503098039,"{""C"": 0.01}",128,prediction_artifacts/trial0__pca__pca128__linear_svm.npz
0,pca,128.0,linear_svm,0.2,0.8755,0.8739999999999999,0.013838352503098039,"{""C"": 0.01}",128,prediction_artifacts/trial0__pca__pca128__linear_svm.npz
0,pca,128.0,linear_svm,0.3,0.8505,0.8739999999999999,0.013838352503098039,"{""C"": 0.01}",128,prediction_artifacts/trial0__pca__pca128__linear_svm.npz
0,pca,128.0,linear_svm,0.4,0.808,0.8739999999999999,0.013838352503098039,"{""C"": 0.01}",128,prediction_artifacts/trial0__pca__pca128__linear_svm.npz
0,pca,128.0,knn,0.0,0.928,0.922,0.011113055385446463,"{""n_neighbors"": 5, ""weights"": ""distance""}",128,prediction_artifacts/trial0__pca__pca128__knn.npz
0,pca,128.0,knn,0.1,0.931,0.922,0.011113055385446463,"{""n_neighbors"": 5, ""weights"": ""distance""}",128,prediction_artifacts/trial0__pca__pca128__knn.npz
0,pca,128.0,knn,0.2,0.929,0.922,0.011113055385446463,"{""n_neighbors"": 5, ""weights"": ""distance""}",128,prediction_artifacts/trial0__pca__pca128__knn.npz
0,pca,128.0,knn,0.3,0.9215,0.922,0.011113055385446463,"{""n_neighbors"": 5, ""weights"": ""distance""}",128,prediction_artifacts/trial0__pca__pca128__knn.npz
0,pca,128.0,knn,0.4,0.925,0.922,0.011113055385446463,"{""n_neighbors"": 5, ""weights"": ""distance""}",128,prediction_artifacts/trial0__pca__pca128__knn.npz
0,pca,256.0,logistic,0.0,0.8885,0.8879999999999999,0.00953939201416943,"{""C"": 0.1}",256,prediction_artifacts/trial0__pca__pca256__logistic.npz
0,pca,256.0,logistic,0.1,0.888,0.8879999999999999,0.00953939201416943,"{""C"": 0.1}",256,prediction_artifacts/trial0__pca__pca256__logistic.npz
0,pca,256.0,logistic,0.2,0.881,0.8879999999999999,0.00953939201416943,"{""C"": 0.1}",256,prediction_artifacts/trial0__pca__pca256__logistic.npz
0,pca,256.0,logistic,0.3,0.8525,0.8879999999999999,0.00953939201416943,"{""C"": 0.1}",256,prediction_artifacts/trial0__pca__pca256__logistic.npz
0,pca,256.0,logistic,0.4,0.787,0.8879999999999999,0.00953939201416943,"{""C"": 0.1}",256,prediction_artifacts/trial0__pca__pca256__logistic.npz
0,pca,256.0,linear_svm,0.0,0.878,0.8775000000000001,0.012349089035228444,"{""C"": 0.01}",256,prediction_artifacts/trial0__pca__pca256__linear_svm.npz
0,pca,256.0,linear_svm,0.1,0.881,0.8775000000000001,0.012349089035228444,"{""C"": 0.01}",256,prediction_artifacts/trial0__pca__pca256__linear_svm.npz
0,pca,256.0,linear_svm,0.2,0.874,0.8775000000000001,0.012349089035228444,"{""C"": 0.01}",256,prediction_artifacts/trial0__pca__pca256__linear_svm.npz
0,pca,256.0,linear_svm,0.3,0.8435,0.8775000000000001,0.012349089035228444,"{""C"": 0.01}",256,prediction_artifacts/trial0__pca__pca256__linear_svm.npz
0,pca,256.0,linear_svm,0.4,0.7755,0.8775000000000001,0.012349089035228444,"{""C"": 0.01}",256,prediction_artifacts/trial0__pca__pca256__linear_svm.npz
0,pca,256.0,knn,0.0,0.927,0.9175000000000001,0.011067971810589328,"{""n_neighbors"": 3, ""weights"": ""distance""}",256,prediction_artifacts/trial0__pca__pca256__knn.npz
0,pca,256.0,knn,0.1,0.9255,0.9175000000000001,0.011067971810589328,"{""n_neighbors"": 3, ""weights"": ""distance""}",256,prediction_artifacts/trial0__pca__pca256__knn.npz
0,pca,256.0,knn,0.2,0.931,0.9175000000000001,0.011067971810589328,"{""n_neighbors"": 3, ""weights"": ""distance""}",256,prediction_artifacts/trial0__pca__pca256__knn.npz
0,pca,256.0,knn,0.3,0.9155,0.9175000000000001,0.011067971810589328,"{""n_neighbors"": 3, ""weights"": ""distance""}",256,prediction_artifacts/trial0__pca__pca256__knn.npz
0,pca,256.0,knn,0.4,0.917,0.9175000000000001,0.011067971810589328,"{""n_neighbors"": 3, ""weights"": ""distance""}",256,prediction_artifacts/trial0__pca__pca256__knn.npz
0,pca,512.0,logistic,0.0,0.888,0.8859999999999999,0.011135528725660017,"{""C"": 0.1}",512,prediction_artifacts/trial0__pca__pca512__logistic.npz
0,pca,512.0,logistic,0.1,0.89,0.8859999999999999,0.011135528725660017,"{""C"": 0.1}",512,prediction_artifacts/trial0__pca__pca512__logistic.npz
0,pca,512.0,logistic,0.2,0.877,0.8859999999999999,0.011135528725660017,"{""C"": 0.1}",512,prediction_artifacts/trial0__pca__pca512__logistic.npz
0,pca,512.0,logistic,0.3,0.851,0.8859999999999999,0.011135528725660017,"{""C"": 0.1}",512,prediction_artifacts/trial0__pca__pca512__logistic.npz
0,pca,512.0,logistic,0.4,0.786,0.8859999999999999,0.011135528725660017,"{""C"": 0.1}",512,prediction_artifacts/trial0__pca__pca512__logistic.npz
0,pca,512.0,linear_svm,0.0,0.878,0.8800000000000001,0.014230249470757697,"{""C"": 0.01}",512,prediction_artifacts/trial0__pca__pca512__linear_svm.npz
0,pca,512.0,linear_svm,0.1,0.8815,0.8800000000000001,0.014230249470757697,"{""C"": 0.01}",512,prediction_artifacts/trial0__pca__pca512__linear_svm.npz
0,pca,512.0,linear_svm,0.2,0.8695,0.8800000000000001,0.014230249470757697,"{""C"": 0.01}",512,prediction_artifacts/trial0__pca__pca512__linear_svm.npz
0,pca,512.0,linear_svm,0.3,0.838,0.8800000000000001,0.014230249470757697,"{""C"": 0.01}",512,prediction_artifacts/trial0__pca__pca512__linear_svm.npz
0,pca,512.0,linear_svm,0.4,0.764,0.8800000000000001,0.014230249470757697,"{""C"": 0.01}",512,prediction_artifacts/trial0__pca__pca512__linear_svm.npz
0,pca,512.0,knn,0.0,0.9255,0.9165000000000001,0.013190905958272929,"{""n_neighbors"": 3, ""weights"": ""distance""}",512,prediction_artifacts/trial0__pca__pca512__knn.npz
0,pca,512.0,knn,0.1,0.924,0.9165000000000001,0.013190905958272929,"{""n_neighbors"": 3, ""weights"": ""distance""}",512,prediction_artifacts/trial0__pca__pca512__knn.npz
0,pca,512.0,knn,0.2,0.929,0.9165000000000001,0.013190905958272929,"{""n_neighbors"": 3, ""weights"": ""distance""}",512,prediction_artifacts/trial0__pca__pca512__knn.npz
0,pca,512.0,knn,0.3,0.912,0.9165000000000001,0.013190905958272929,"{""n_neighbors"": 3, ""weights"": ""distance""}",512,prediction_artifacts/trial0__pca__pca512__knn.npz
0,pca,512.0,knn,0.4,0.9175,0.9165000000000001,0.013190905958272929,"{""n_neighbors"": 3, ""weights"": ""distance""}",512,prediction_artifacts/trial0__pca__pca512__knn.npz
0,standard_pca,16.0,logistic,0.0,0.8505,0.834,0.01067707825203133,"{""C"": 10.0}",16,prediction_artifacts/trial0__standard_pca__pca16__logistic.npz
0,standard_pca,16.0,logistic,0.1,0.467,0.834,0.01067707825203133,"{""C"": 10.0}",16,prediction_artifacts/trial0__standard_pca__pca16__logistic.npz
0,standard_pca,16.0,logistic,0.2,0.265,0.834,0.01067707825203133,"{""C"": 10.0}",16,prediction_artifacts/trial0__standard_pca__pca16__logistic.npz
0,standard_pca,16.0,logistic,0.3,0.1985,0.834,0.01067707825203133,"{""C"": 10.0}",16,prediction_artifacts/trial0__standard_pca__pca16__logistic.npz
0,standard_pca,16.0,logistic,0.4,0.151,0.834,0.01067707825203133,"{""C"": 10.0}",16,prediction_artifacts/trial0__standard_pca__pca16__logistic.npz
0,standard_pca,16.0,linear_svm,0.0,0.8295,0.8135,0.010908712114635687,"{""C"": 10.0}",16,prediction_artifacts/trial0__standard_pca__pca16__linear_svm.npz
0,standard_pca,16.0,linear_svm,0.1,0.385,0.8135,0.010908712114635687,"{""C"": 10.0}",16,prediction_artifacts/trial0__standard_pca__pca16__linear_svm.npz
0,standard_pca,16.0,linear_svm,0.2,0.208,0.8135,0.010908712114635687,"{""C"": 10.0}",16,prediction_artifacts/trial0__standard_pca__pca16__linear_svm.npz
0,standard_pca,16.0,linear_svm,0.3,0.1635,0.8135,0.010908712114635687,"{""C"": 10.0}",16,prediction_artifacts/trial0__standard_pca__pca16__linear_svm.npz
0,standard_pca,16.0,linear_svm,0.4,0.1365,0.8135,0.010908712114635687,"{""C"": 10.0}",16,prediction_artifacts/trial0__standard_pca__pca16__linear_svm.npz
0,standard_pca,16.0,knn,0.0,0.8885,0.8855000000000001,0.011000000000000018,"{""n_neighbors"": 5, ""weights"": ""distance""}",16,prediction_artifacts/trial0__standard_pca__pca16__knn.npz
0,standard_pca,16.0,knn,0.1,0.552,0.8855000000000001,0.011000000000000018,"{""n_neighbors"": 5, ""weights"": ""distance""}",16,prediction_artifacts/trial0__standard_pca__pca16__knn.npz
0,standard_pca,16.0,knn,0.2,0.2615,0.8855000000000001,0.011000000000000018,"{""n_neighbors"": 5, ""weights"": ""distance""}",16,prediction_artifacts/trial0__standard_pca__pca16__knn.npz
0,standard_pca,16.0,knn,0.3,0.171,0.8855000000000001,0.011000000000000018,"{""n_neighbors"": 5, ""weights"": ""distance""}",16,prediction_artifacts/trial0__standard_pca__pca16__knn.npz
0,standard_pca,16.0,knn,0.4,0.141,0.8855000000000001,0.011000000000000018,"{""n_neighbors"": 5, ""weights"": ""distance""}",16,prediction_artifacts/trial0__standard_pca__pca16__knn.npz
0,standard_pca,32.0,logistic,0.0,0.8705,0.8695,0.014,"{""C"": 1.0}",32,prediction_artifacts/trial0__standard_pca__pca32__logistic.npz
0,standard_pca,32.0,logistic,0.1,0.596,0.8695,0.014,"{""C"": 1.0}",32,prediction_artifacts/trial0__standard_pca__pca32__logistic.npz
0,standard_pca,32.0,logistic,0.2,0.4025,0.8695,0.014,"{""C"": 1.0}",32,prediction_artifacts/trial0__standard_pca__pca32__logistic.npz
0,standard_pca,32.0,logistic,0.3,0.2905,0.8695,0.014,"{""C"": 1.0}",32,prediction_artifacts/trial0__standard_pca__pca32__logistic.npz
0,standard_pca,32.0,logistic,0.4,0.231,0.8695,0.014,"{""C"": 1.0}",32,prediction_artifacts/trial0__standard_pca__pca32__logistic.npz
0,standard_pca,32.0,linear_svm,0.0,0.87,0.8605,0.014949916387726064,"{""C"": 1.0}",32,prediction_artifacts/trial0__standard_pca__pca32__linear_svm.npz
0,standard_pca,32.0,linear_svm,0.1,0.3555,0.8605,0.014949916387726064,"{""C"": 1.0}",32,prediction_artifacts/trial0__standard_pca__pca32__linear_svm.npz
0,standard_pca,32.0,linear_svm,0.2,0.231,0.8605,0.014949916387726064,"{""C"": 1.0}",32,prediction_artifacts/trial0__standard_pca__pca32__linear_svm.npz
0,standard_pca,32.0,linear_svm,0.3,0.195,0.8605,0.014949916387726064,"{""C"": 1.0}",32,prediction_artifacts/trial0__standard_pca__pca32__linear_svm.npz
0,standard_pca,32.0,linear_svm,0.4,0.167,0.8605,0.014949916387726064,"{""C"": 1.0}",32,prediction_artifacts/trial0__standard_pca__pca32__linear_svm.npz
0,standard_pca,32.0,knn,0.0,0.903,0.8950000000000001,0.013038404810405309,"{""n_neighbors"": 3, ""weights"": ""distance""}",32,prediction_artifacts/trial0__standard_pca__pca32__knn.npz
0,standard_pca,32.0,knn,0.1,0.405,0.8950000000000001,0.013038404810405309,"{""n_neighbors"": 3, ""weights"": ""distance""}",32,prediction_artifacts/trial0__standard_pca__pca32__knn.npz
0,standard_pca,32.0,knn,0.2,0.1575,0.8950000000000001,0.013038404810405309,"{""n_neighbors"": 3, ""weights"": ""distance""}",32,prediction_artifacts/trial0__standard_pca__pca32__knn.npz
0,standard_pca,32.0,knn,0.3,0.1375,0.8950000000000001,0.013038404810405309,"{""n_neighbors"": 3, ""weights"": ""distance""}",32,prediction_artifacts/trial0__standard_pca__pca32__knn.npz
0,standard_pca,32.0,knn,0.4,0.119,0.8950000000000001,0.013038404810405309,"{""n_neighbors"": 3, ""weights"": ""distance""}",32,prediction_artifacts/trial0__standard_pca__pca32__knn.npz
0,standard_pca,64.0,logistic,0.0,0.876,0.8795,0.012980754985747146,"{""C"": 100.0}",64,prediction_artifacts/trial0__standard_pca__pca64__logistic.npz
0,standard_pca,64.0,logistic,0.1,0.6285,0.8795,0.012980754985747146,"{""C"": 100.0}",64,prediction_artifacts/trial0__standard_pca__pca64__logistic.npz
0,standard_pca,64.0,logistic,0.2,0.3935,0.8795,0.012980754985747146,"{""C"": 100.0}",64,prediction_artifacts/trial0__standard_pca__pca64__logistic.npz
0,standard_pca,64.0,logistic,0.3,0.2725,0.8795,0.012980754985747146,"{""C"": 100.0}",64,prediction_artifacts/trial0__standard_pca__pca64__logistic.npz
0,standard_pca,64.0,logistic,0.4,0.2085,0.8795,0.012980754985747146,"{""C"": 100.0}",64,prediction_artifacts/trial0__standard_pca__pca64__logistic.npz
0,standard_pca,64.0,linear_svm,0.0,0.8805,0.875,0.01440486029088793,"{""C"": 1.0}",64,prediction_artifacts/trial0__standard_pca__pca64__linear_svm.npz
0,standard_pca,64.0,linear_svm,0.1,0.2245,0.875,0.01440486029088793,"{""C"": 1.0}",64,prediction_artifacts/trial0__standard_pca__pca64__linear_svm.npz
0,standard_pca,64.0,linear_svm,0.2,0.151,0.875,0.01440486029088793,"{""C"": 1.0}",64,prediction_artifacts/trial0__standard_pca__pca64__linear_svm.npz
0,standard_pca,64.0,linear_svm,0.3,0.141,0.875,0.01440486029088793,"{""C"": 1.0}",64,prediction_artifacts/trial0__standard_pca__pca64__linear_svm.npz
0,standard_pca,64.0,linear_svm,0.4,0.1195,0.875,0.01440486029088793,"{""C"": 1.0}",64,prediction_artifacts/trial0__standard_pca__pca64__linear_svm.npz
0,standard_pca,64.0,knn,0.0,0.8995,0.8969999999999999,0.019261360284258226,"{""n_neighbors"": 5, ""weights"": ""distance""}",64,prediction_artifacts/trial0__standard_pca__pca64__knn.npz
0,standard_pca,64.0,knn,0.1,0.432,0.8969999999999999,0.019261360284258226,"{""n_neighbors"": 5, ""weights"": ""distance""}",64,prediction_artifacts/trial0__standard_pca__pca64__knn.npz
0,standard_pca,64.0,knn,0.2,0.1615,0.8969999999999999,0.019261360284258226,"{""n_neighbors"": 5, ""weights"": ""distance""}",64,prediction_artifacts/trial0__standard_pca__pca64__knn.npz
0,standard_pca,64.0,knn,0.3,0.1235,0.8969999999999999,0.019261360284258226,"{""n_neighbors"": 5, ""weights"": ""distance""}",64,prediction_artifacts/trial0__standard_pca__pca64__knn.npz
0,standard_pca,64.0,knn,0.4,0.113,0.8969999999999999,0.019261360284258226,"{""n_neighbors"": 5, ""weights"": ""distance""}",64,prediction_artifacts/trial0__standard_pca__pca64__knn.npz
0,standard_pca,128.0,logistic,0.0,0.8795,0.8815,0.012708265027138836,"{""C"": 0.1}",128,prediction_artifacts/trial0__standard_pca__pca128__logistic.npz
0,standard_pca,128.0,logistic,0.1,0.7245,0.8815,0.012708265027138836,"{""C"": 0.1}",128,prediction_artifacts/trial0__standard_pca__pca128__logistic.npz
0,standard_pca,128.0,logistic,0.2,0.477,0.8815,0.012708265027138836,"{""C"": 0.1}",128,prediction_artifacts/trial0__standard_pca__pca128__logistic.npz
0,standard_pca,128.0,logistic,0.3,0.3385,0.8815,0.012708265027138836,"{""C"": 0.1}",128,prediction_artifacts/trial0__standard_pca__pca128__logistic.npz
0,standard_pca,128.0,logistic,0.4,0.2425,0.8815,0.012708265027138836,"{""C"": 0.1}",128,prediction_artifacts/trial0__standard_pca__pca128__logistic.npz
0,standard_pca,128.0,linear_svm,0.0,0.874,0.8699999999999999,0.012845232578665114,"{""C"": 0.01}",128,prediction_artifacts/trial0__standard_pca__pca128__linear_svm.npz
0,standard_pca,128.0,linear_svm,0.1,0.2825,0.8699999999999999,0.012845232578665114,"{""C"": 0.01}",128,prediction_artifacts/trial0__standard_pca__pca128__linear_svm.npz
0,standard_pca,128.0,linear_svm,0.2,0.1705,0.8699999999999999,0.012845232578665114,"{""C"": 0.01}",128,prediction_artifacts/trial0__standard_pca__pca128__linear_svm.npz
0,standard_pca,128.0,linear_svm,0.3,0.1445,0.8699999999999999,0.012845232578665114,"{""C"": 0.01}",128,prediction_artifacts/trial0__standard_pca__pca128__linear_svm.npz
0,standard_pca,128.0,linear_svm,0.4,0.12,0.8699999999999999,0.012845232578665114,"{""C"": 0.01}",128,prediction_artifacts/trial0__standard_pca__pca128__linear_svm.npz
0,standard_pca,128.0,knn,0.0,0.8915,0.8915,0.02507987240796891,"{""n_neighbors"": 3, ""weights"": ""distance""}",128,prediction_artifacts/trial0__standard_pca__pca128__knn.npz
0,standard_pca,128.0,knn,0.1,0.5085,0.8915,0.02507987240796891,"{""n_neighbors"": 3, ""weights"": ""distance""}",128,prediction_artifacts/trial0__standard_pca__pca128__knn.npz
0,standard_pca,128.0,knn,0.2,0.1695,0.8915,0.02507987240796891,"{""n_neighbors"": 3, ""weights"": ""distance""}",128,prediction_artifacts/trial0__standard_pca__pca128__knn.npz
0,standard_pca,128.0,knn,0.3,0.1195,0.8915,0.02507987240796891,"{""n_neighbors"": 3, ""weights"": ""distance""}",128,prediction_artifacts/trial0__standard_pca__pca128__knn.npz
0,standard_pca,128.0,knn,0.4,0.1065,0.8915,0.02507987240796891,"{""n_neighbors"": 3, ""weights"": ""distance""}",128,prediction_artifacts/trial0__standard_pca__pca128__knn.npz
0,standard_pca,256.0,logistic,0.0,0.887,0.884,0.012308533625091166,"{""C"": 10.0}",256,prediction_artifacts/trial0__standard_pca__pca256__logistic.npz
0,standard_pca,256.0,logistic,0.1,0.739,0.884,0.012308533625091166,"{""C"": 10.0}",256,prediction_artifacts/trial0__standard_pca__pca256__logistic.npz
0,standard_pca,256.0,logistic,0.2,0.4745,0.884,0.012308533625091166,"{""C"": 10.0}",256,prediction_artifacts/trial0__standard_pca__pca256__logistic.npz
0,standard_pca,256.0,logistic,0.3,0.332,0.884,0.012308533625091166,"{""C"": 10.0}",256,prediction_artifacts/trial0__standard_pca__pca256__logistic.npz
0,standard_pca,256.0,logistic,0.4,0.2425,0.884,0.012308533625091166,"{""C"": 10.0}",256,prediction_artifacts/trial0__standard_pca__pca256__logistic.npz
0,standard_pca,256.0,linear_svm,0.0,0.864,0.8585,0.004636809247747849,"{""C"": 0.01}",256,prediction_artifacts/trial0__standard_pca__pca256__linear_svm.npz
0,standard_pca,256.0,linear_svm,0.1,0.326,0.8585,0.004636809247747849,"{""C"": 0.01}",256,prediction_artifacts/trial0__standard_pca__pca256__linear_svm.npz
0,standard_pca,256.0,linear_svm,0.2,0.1815,0.8585,0.004636809247747849,"{""C"": 0.01}",256,prediction_artifacts/trial0__standard_pca__pca256__linear_svm.npz
0,standard_pca,256.0,linear_svm,0.3,0.148,0.8585,0.004636809247747849,"{""C"": 0.01}",256,prediction_artifacts/trial0__standard_pca__pca256__linear_svm.npz
0,standard_pca,256.0,linear_svm,0.4,0.1365,0.8585,0.004636809247747849,"{""C"": 0.01}",256,prediction_artifacts/trial0__standard_pca__pca256__linear_svm.npz
0,standard_pca,256.0,knn,0.0,0.871,0.8714999999999999,0.018207141456033103,"{""n_neighbors"": 5, ""weights"": ""distance""}",256,prediction_artifacts/trial0__standard_pca__pca256__knn.npz
0,standard_pca,256.0,knn,0.1,0.787,0.8714999999999999,0.018207141456033103,"{""n_neighbors"": 5, ""weights"": ""distance""}",256,prediction_artifacts/trial0__standard_pca__pca256__knn.npz
0,standard_pca,256.0,knn,0.2,0.388,0.8714999999999999,0.018207141456033103,"{""n_neighbors"": 5, ""weights"": ""distance""}",256,prediction_artifacts/trial0__standard_pca__pca256__knn.npz
0,standard_pca,256.0,knn,0.3,0.166,0.8714999999999999,0.018207141456033103,"{""n_neighbors"": 5, ""weights"": ""distance""}",256,prediction_artifacts/trial0__standard_pca__pca256__knn.npz
0,standard_pca,256.0,knn,0.4,0.1205,0.8714999999999999,0.018207141456033103,"{""n_neighbors"": 5, ""weights"": ""distance""}",256,prediction_artifacts/trial0__standard_pca__pca256__knn.npz
0,standard_pca,512.0,logistic,0.0,0.886,0.8844999999999998,0.014696938456699081,"{""C"": 1.0}",512,prediction_artifacts/trial0__standard_pca__pca512__logistic.npz
0,standard_pca,512.0,logistic,0.1,0.751,0.8844999999999998,0.014696938456699081,"{""C"": 1.0}",512,prediction_artifacts/trial0__standard_pca__pca512__logistic.npz
0,standard_pca,512.0,logistic,0.2,0.4805,0.8844999999999998,0.014696938456699081,"{""C"": 1.0}",512,prediction_artifacts/trial0__standard_pca__pca512__logistic.npz
0,standard_pca,512.0,logistic,0.3,0.3335,0.8844999999999998,0.014696938456699081,"{""C"": 1.0}",512,prediction_artifacts/trial0__standard_pca__pca512__logistic.npz
0,standard_pca,512.0,logistic,0.4,0.2375,0.8844999999999998,0.014696938456699081,"{""C"": 1.0}",512,prediction_artifacts/trial0__standard_pca__pca512__logistic.npz
0,standard_pca,512.0,linear_svm,0.0,0.8585,0.8385,0.010559356040971454,"{""C"": 0.01}",512,prediction_artifacts/trial0__standard_pca__pca512__linear_svm.npz
0,standard_pca,512.0,linear_svm,0.1,0.31,0.8385,0.010559356040971454,"{""C"": 0.01}",512,prediction_artifacts/trial0__standard_pca__pca512__linear_svm.npz
0,standard_pca,512.0,linear_svm,0.2,0.182,0.8385,0.010559356040971454,"{""C"": 0.01}",512,prediction_artifacts/trial0__standard_pca__pca512__linear_svm.npz
0,standard_pca,512.0,linear_svm,0.3,0.162,0.8385,0.010559356040971454,"{""C"": 0.01}",512,prediction_artifacts/trial0__standard_pca__pca512__linear_svm.npz
0,standard_pca,512.0,linear_svm,0.4,0.133,0.8385,0.010559356040971454,"{""C"": 0.01}",512,prediction_artifacts/trial0__standard_pca__pca512__linear_svm.npz
0,standard_pca,512.0,knn,0.0,0.8685,0.8615,0.010677078252031288,"{""n_neighbors"": 7, ""weights"": ""distance""}",512,prediction_artifacts/trial0__standard_pca__pca512__knn.npz
0,standard_pca,512.0,knn,0.1,0.852,0.8615,0.010677078252031288,"{""n_neighbors"": 7, ""weights"": ""distance""}",512,prediction_artifacts/trial0__standard_pca__pca512__knn.npz
0,standard_pca,512.0,knn,0.2,0.652,0.8615,0.010677078252031288,"{""n_neighbors"": 7, ""weights"": ""distance""}",512,prediction_artifacts/trial0__standard_pca__pca512__knn.npz
0,standard_pca,512.0,knn,0.3,0.2765,0.8615,0.010677078252031288,"{""n_neighbors"": 7, ""weights"": ""distance""}",512,prediction_artifacts/trial0__standard_pca__pca512__knn.npz
0,standard_pca,512.0,knn,0.4,0.126,0.8615,0.010677078252031288,"{""n_neighbors"": 7, ""weights"": ""distance""}",512,prediction_artifacts/trial0__standard_pca__pca512__knn.npz
1,raw,,logistic,0.0,0.8845,0.8925000000000001,0.009082951062292496,"{""C"": 0.1}",784,prediction_artifacts/trial1__raw__pcaNone__logistic.npz
1,raw,,logistic,0.1,0.8825,0.8925000000000001,0.009082951062292496,"{""C"": 0.1}",784,prediction_artifacts/trial1__raw__pcaNone__logistic.npz
1,raw,,logistic,0.2,0.8775,0.8925000000000001,0.009082951062292496,"{""C"": 0.1}",784,prediction_artifacts/trial1__raw__pcaNone__logistic.npz
1,raw,,logistic,0.3,0.83,0.8925000000000001,0.009082951062292496,"{""C"": 0.1}",784,prediction_artifacts/trial1__raw__pcaNone__logistic.npz
1,raw,,logistic,0.4,0.7435,0.8925000000000001,0.009082951062292496,"{""C"": 0.1}",784,prediction_artifacts/trial1__raw__pcaNone__logistic.npz
1,raw,,linear_svm,0.0,0.8835,0.8859999999999999,0.008602325267042597,"{""C"": 0.01}",784,prediction_artifacts/trial1__raw__pcaNone__linear_svm.npz
1,raw,,linear_svm,0.1,0.882,0.8859999999999999,0.008602325267042597,"{""C"": 0.01}",784,prediction_artifacts/trial1__raw__pcaNone__linear_svm.npz
1,raw,,linear_svm,0.2,0.8745,0.8859999999999999,0.008602325267042597,"{""C"": 0.01}",784,prediction_artifacts/trial1__raw__pcaNone__linear_svm.npz
1,raw,,linear_svm,0.3,0.8505,0.8859999999999999,0.008602325267042597,"{""C"": 0.01}",784,prediction_artifacts/trial1__raw__pcaNone__linear_svm.npz
1,raw,,linear_svm,0.4,0.79,0.8859999999999999,0.008602325267042597,"{""C"": 0.01}",784,prediction_artifacts/trial1__raw__pcaNone__linear_svm.npz
1,raw,,knn,0.0,0.9185,0.9205,0.007648529270389175,"{""n_neighbors"": 1, ""weights"": ""uniform""}",784,prediction_artifacts/trial1__raw__pcaNone__knn.npz
1,raw,,knn,0.1,0.915,0.9205,0.007648529270389175,"{""n_neighbors"": 1, ""weights"": ""uniform""}",784,prediction_artifacts/trial1__raw__pcaNone__knn.npz
1,raw,,knn,0.2,0.9165,0.9205,0.007648529270389175,"{""n_neighbors"": 1, ""weights"": ""uniform""}",784,prediction_artifacts/trial1__raw__pcaNone__knn.npz
1,raw,,knn,0.3,0.9095,0.9205,0.007648529270389175,"{""n_neighbors"": 1, ""weights"": ""uniform""}",784,prediction_artifacts/trial1__raw__pcaNone__knn.npz
1,raw,,knn,0.4,0.906,0.9205,0.007648529270389175,"{""n_neighbors"": 1, ""weights"": ""uniform""}",784,prediction_artifacts/trial1__raw__pcaNone__knn.npz
1,standard,,logistic,0.0,0.877,0.8945000000000001,0.008124038404635976,"{""C"": 10.0}",784,prediction_artifacts/trial1__standard__pcaNone__logistic.npz
1,standard,,logistic,0.1,0.51,0.8945000000000001,0.008124038404635976,"{""C"": 10.0}",784,prediction_artifacts/trial1__standard__pcaNone__logistic.npz
1,standard,,logistic,0.2,0.316,0.8945000000000001,0.008124038404635976,"{""C"": 10.0}",784,prediction_artifacts/trial1__standard__pcaNone__logistic.npz
1,standard,,logistic,0.3,0.217,0.8945000000000001,0.008124038404635976,"{""C"": 10.0}",784,prediction_artifacts/trial1__standard__pcaNone__logistic.npz
1,standard,,logistic,0.4,0.1635,0.8945000000000001,0.008124038404635976,"{""C"": 10.0}",784,prediction_artifacts/trial1__standard__pcaNone__logistic.npz
1,standard,,linear_svm,0.0,0.846,0.8479999999999999,0.0175641680702503,"{""C"": 0.01}",784,prediction_artifacts/trial1__standard__pcaNone__linear_svm.npz
1,standard,,linear_svm,0.1,0.168,0.8479999999999999,0.0175641680702503,"{""C"": 0.01}",784,prediction_artifacts/trial1__standard__pcaNone__linear_svm.npz
1,standard,,linear_svm,0.2,0.136,0.8479999999999999,0.0175641680702503,"{""C"": 0.01}",784,prediction_artifacts/trial1__standard__pcaNone__linear_svm.npz
1,standard,,linear_svm,0.3,0.111,0.8479999999999999,0.0175641680702503,"{""C"": 0.01}",784,prediction_artifacts/trial1__standard__pcaNone__linear_svm.npz
1,standard,,linear_svm,0.4,0.112,0.8479999999999999,0.0175641680702503,"{""C"": 0.01}",784,prediction_artifacts/trial1__standard__pcaNone__linear_svm.npz
1,standard,,knn,0.0,0.868,0.874,0.01250999600319679,"{""n_neighbors"": 5, ""weights"": ""distance""}",784,prediction_artifacts/trial1__standard__pcaNone__knn.npz
1,standard,,knn,0.1,0.5665,0.874,0.01250999600319679,"{""n_neighbors"": 5, ""weights"": ""distance""}",784,prediction_artifacts/trial1__standard__pcaNone__knn.npz
1,standard,,knn,0.2,0.182,0.874,0.01250999600319679,"{""n_neighbors"": 5, ""weights"": ""distance""}",784,prediction_artifacts/trial1__standard__pcaNone__knn.npz
1,standard,,knn,0.3,0.103,0.874,0.01250999600319679,"{""n_neighbors"": 5, ""weights"": ""distance""}",784,prediction_artifacts/trial1__standard__pcaNone__knn.npz
1,standard,,knn,0.4,0.101,0.874,0.01250999600319679,"{""n_neighbors"": 5, ""weights"": ""distance""}",784,prediction_artifacts/trial1__standard__pcaNone__knn.npz
1,minmax,,logistic,0.0,0.885,0.8935000000000001,0.00845576726264388,"{""C"": 0.1}",784,prediction_artifacts/trial1__minmax__pcaNone__logistic.npz
1,minmax,,logistic,0.1,0.8795,0.8935000000000001,0.00845576726264388,"{""C"": 0.1}",784,prediction_artifacts/trial1__minmax__pcaNone__logistic.npz
1,minmax,,logistic,0.2,0.8695,0.8935000000000001,0.00845576726264388,"{""C"": 0.1}",784,prediction_artifacts/trial1__minmax__pcaNone__logistic.npz
1,minmax,,logistic,0.3,0.7925,0.8935000000000001,0.00845576726264388,"{""C"": 0.1}",784,prediction_artifacts/trial1__minmax__pcaNone__logistic.npz
1,minmax,,logistic,0.4,0.682,0.8935000000000001,0.00845576726264388,"{""C"": 0.1}",784,prediction_artifacts/trial1__minmax__pcaNone__logistic.npz
1,minmax,,linear_svm,0.0,0.8835,0.8859999999999999,0.008602325267042597,"{""C"": 0.01}",784,prediction_artifacts/trial1__minmax__pcaNone__linear_svm.npz
1,minmax,,linear_svm,0.1,0.8795,0.8859999999999999,0.008602325267042597,"{""C"": 0.01}",784,prediction_artifacts/trial1__minmax__pcaNone__linear_svm.npz
1,minmax,,linear_svm,0.2,0.8545,0.8859999999999999,0.008602325267042597,"{""C"": 0.01}",784,prediction_artifacts/trial1__minmax__pcaNone__linear_svm.npz
1,minmax,,linear_svm,0.3,0.813,0.8859999999999999,0.008602325267042597,"{""C"": 0.01}",784,prediction_artifacts/trial1__minmax__pcaNone__linear_svm.npz
1,minmax,,linear_svm,0.4,0.7285,0.8859999999999999,0.008602325267042597,"{""C"": 0.01}",784,prediction_artifacts/trial1__minmax__pcaNone__linear_svm.npz
1,minmax,,knn,0.0,0.9175,0.9205,0.007648529270389175,"{""n_neighbors"": 1, ""weights"": ""uniform""}",784,prediction_artifacts/trial1__minmax__pcaNone__knn.npz
1,minmax,,knn,0.1,0.8735,0.9205,0.007648529270389175,"{""n_neighbors"": 1, ""weights"": ""uniform""}",784,prediction_artifacts/trial1__minmax__pcaNone__knn.npz
1,minmax,,knn,0.2,0.7235,0.9205,0.007648529270389175,"{""n_neighbors"": 1, ""weights"": ""uniform""}",784,prediction_artifacts/trial1__minmax__pcaNone__knn.npz
1,minmax,,knn,0.3,0.557,0.9205,0.007648529270389175,"{""n_neighbors"": 1, ""weights"": ""uniform""}",784,prediction_artifacts/trial1__minmax__pcaNone__knn.npz
1,minmax,,knn,0.4,0.452,0.9205,0.007648529270389175,"{""n_neighbors"": 1, ""weights"": ""uniform""}",784,prediction_artifacts/trial1__minmax__pcaNone__knn.npz
1,pca,16.0,logistic,0.0,0.8325,0.8515,0.012509996003196805,"{""C"": 1.0}",16,prediction_artifacts/trial1__pca__pca16__logistic.npz
1,pca,16.0,logistic,0.1,0.8345,0.8515,0.012509996003196805,"{""C"": 1.0}",16,prediction_artifacts/trial1__pca__pca16__logistic.npz
1,pca,16.0,logistic,0.2,0.831,0.8515,0.012509996003196805,"{""C"": 1.0}",16,prediction_artifacts/trial1__pca__pca16__logistic.npz
1,pca,16.0,logistic,0.3,0.7935,0.8515,0.012509996003196805,"{""C"": 1.0}",16,prediction_artifacts/trial1__pca__pca16__logistic.npz
1,pca,16.0,logistic,0.4,0.7365,0.8515,0.012509996003196805,"{""C"": 1.0}",16,prediction_artifacts/trial1__pca__pca16__logistic.npz
1,pca,16.0,linear_svm,0.0,0.82,0.8324999999999999,0.004472135954999596,"{""C"": 1.0}",16,prediction_artifacts/trial1__pca__pca16__linear_svm.npz
1,pca,16.0,linear_svm,0.1,0.823,0.8324999999999999,0.004472135954999596,"{""C"": 1.0}",16,prediction_artifacts/trial1__pca__pca16__linear_svm.npz
1,pca,16.0,linear_svm,0.2,0.8095,0.8324999999999999,0.004472135954999596,"{""C"": 1.0}",16,prediction_artifacts/trial1__pca__pca16__linear_svm.npz
1,pca,16.0,linear_svm,0.3,0.769,0.8324999999999999,0.004472135954999596,"{""C"": 1.0}",16,prediction_artifacts/trial1__pca__pca16__linear_svm.npz
1,pca,16.0,linear_svm,0.4,0.687,0.8324999999999999,0.004472135954999596,"{""C"": 1.0}",16,prediction_artifacts/trial1__pca__pca16__linear_svm.npz
1,pca,16.0,knn,0.0,0.921,0.923,0.0074833147735479,"{""n_neighbors"": 3, ""weights"": ""distance""}",16,prediction_artifacts/trial1__pca__pca16__knn.npz
1,pca,16.0,knn,0.1,0.918,0.923,0.0074833147735479,"{""n_neighbors"": 3, ""weights"": ""distance""}",16,prediction_artifacts/trial1__pca__pca16__knn.npz
1,pca,16.0,knn,0.2,0.9135,0.923,0.0074833147735479,"{""n_neighbors"": 3, ""weights"": ""distance""}",16,prediction_artifacts/trial1__pca__pca16__knn.npz
1,pca,16.0,knn,0.3,0.891,0.923,0.0074833147735479,"{""n_neighbors"": 3, ""weights"": ""distance""}",16,prediction_artifacts/trial1__pca__pca16__knn.npz
1,pca,16.0,knn,0.4,0.8645,0.923,0.0074833147735479,"{""n_neighbors"": 3, ""weights"": ""distance""}",16,prediction_artifacts/trial1__pca__pca16__knn.npz
1,pca,32.0,logistic,0.0,0.873,0.8785000000000001,0.017930421077041087,"{""C"": 1.0}",32,prediction_artifacts/trial1__pca__pca32__logistic.npz
1,pca,32.0,logistic,0.1,0.872,0.8785000000000001,0.017930421077041087,"{""C"": 1.0}",32,prediction_artifacts/trial1__pca__pca32__logistic.npz
1,pca,32.0,logistic,0.2,0.8635,0.8785000000000001,0.017930421077041087,"{""C"": 1.0}",32,prediction_artifacts/trial1__pca__pca32__logistic.npz
1,pca,32.0,logistic,0.3,0.8345,0.8785000000000001,0.017930421077041087,"{""C"": 1.0}",32,prediction_artifacts/trial1__pca__pca32__logistic.npz
1,pca,32.0,logistic,0.4,0.7755,0.8785000000000001,0.017930421077041087,"{""C"": 1.0}",32,prediction_artifacts/trial1__pca__pca32__logistic.npz
1,pca,32.0,linear_svm,0.0,0.8675,0.8655000000000002,0.015362291495737205,"{""C"": 0.1}",32,prediction_artifacts/trial1__pca__pca32__linear_svm.npz
1,pca,32.0,linear_svm,0.1,0.8665,0.8655000000000002,0.015362291495737205,"{""C"": 0.1}",32,prediction_artifacts/trial1__pca__pca32__linear_svm.npz
1,pca,32.0,linear_svm,0.2,0.859,0.8655000000000002,0.015362291495737205,"{""C"": 0.1}",32,prediction_artifacts/trial1__pca__pca32__linear_svm.npz
1,pca,32.0,linear_svm,0.3,0.83,0.8655000000000002,0.015362291495737205,"{""C"": 0.1}",32,prediction_artifacts/trial1__pca__pca32__linear_svm.npz
1,pca,32.0,linear_svm,0.4,0.7825,0.8655000000000002,0.015362291495737205,"{""C"": 0.1}",32,prediction_artifacts/trial1__pca__pca32__linear_svm.npz
1,pca,32.0,knn,0.0,0.9285,0.9359999999999999,0.008154753215150017,"{""n_neighbors"": 5, ""weights"": ""distance""}",32,prediction_artifacts/trial1__pca__pca32__knn.npz
1,pca,32.0,knn,0.1,0.929,0.9359999999999999,0.008154753215150017,"{""n_neighbors"": 5, ""weights"": ""distance""}",32,prediction_artifacts/trial1__pca__pca32__knn.npz
1,pca,32.0,knn,0.2,0.935,0.9359999999999999,0.008154753215150017,"{""n_neighbors"": 5, ""weights"": ""distance""}",32,prediction_artifacts/trial1__pca__pca32__knn.npz
1,pca,32.0,knn,0.3,0.9305,0.9359999999999999,0.008154753215150017,"{""n_neighbors"": 5, ""weights"": ""distance""}",32,prediction_artifacts/trial1__pca__pca32__knn.npz
1,pca,32.0,knn,0.4,0.9245,0.9359999999999999,0.008154753215150017,"{""n_neighbors"": 5, ""weights"": ""distance""}",32,prediction_artifacts/trial1__pca__pca32__knn.npz
1,pca,64.0,logistic,0.0,0.885,0.8924999999999998,0.014404860290887936,"{""C"": 0.1}",64,prediction_artifacts/trial1__pca__pca64__logistic.npz
1,pca,64.0,logistic,0.1,0.881,0.8924999999999998,0.014404860290887936,"{""C"": 0.1}",64,prediction_artifacts/trial1__pca__pca64__logistic.npz
1,pca,64.0,logistic,0.2,0.875,0.8924999999999998,0.014404860290887936,"{""C"": 0.1}",64,prediction_artifacts/trial1__pca__pca64__logistic.npz
1,pca,64.0,logistic,0.3,0.851,0.8924999999999998,0.014404860290887936,"{""C"": 0.1}",64,prediction_artifacts/trial1__pca__pca64__logistic.npz
1,pca,64.0,logistic,0.4,0.7905,0.8924999999999998,0.014404860290887936,"{""C"": 0.1}",64,prediction_artifacts/trial1__pca__pca64__logistic.npz
1,pca,64.0,linear_svm,0.0,0.876,0.8865000000000001,0.011895377253370318,"{""C"": 0.1}",64,prediction_artifacts/trial1__pca__pca64__linear_svm.npz
1,pca,64.0,linear_svm,0.1,0.8695,0.8865000000000001,0.011895377253370318,"{""C"": 0.1}",64,prediction_artifacts/trial1__pca__pca64__linear_svm.npz
1,pca,64.0,linear_svm,0.2,0.8545,0.8865000000000001,0.011895377253370318,"{""C"": 0.1}",64,prediction_artifacts/trial1__pca__pca64__linear_svm.npz
1,pca,64.0,linear_svm,0.3,0.816,0.8865000000000001,0.011895377253370318,"{""C"": 0.1}",64,prediction_artifacts/trial1__pca__pca64__linear_svm.npz
1,pca,64.0,linear_svm,0.4,0.734,0.8865000000000001,0.011895377253370318,"{""C"": 0.1}",64,prediction_artifacts/trial1__pca__pca64__linear_svm.npz
1,pca,64.0,knn,0.0,0.9275,0.931,0.008455767262643849,"{""n_neighbors"": 1, ""weights"": ""uniform""}",64,prediction_artifacts/trial1__pca__pca64__knn.npz
1,pca,64.0,knn,0.1,0.926,0.931,0.008455767262643849,"{""n_neighbors"": 1, ""weights"": ""uniform""}",64,prediction_artifacts/trial1__pca__pca64__knn.npz
1,pca,64.0,knn,0.2,0.9265,0.931,0.008455767262643849,"{""n_neighbors"": 1, ""weights"": ""uniform""}",64,prediction_artifacts/trial1__pca__pca64__knn.npz
1,pca,64.0,knn,0.3,0.914,0.931,0.008455767262643849,"{""n_neighbors"": 1, ""weights"": ""uniform""}",64,prediction_artifacts/trial1__pca__pca64__knn.npz
1,pca,64.0,knn,0.4,0.908,0.931,0.008455767262643849,"{""n_neighbors"": 1, ""weights"": ""uniform""}",64,prediction_artifacts/trial1__pca__pca64__knn.npz
1,pca,128.0,logistic,0.0,0.8835,0.8925000000000001,0.013509256086106284,"{""C"": 0.1}",128,prediction_artifacts/trial1__pca__pca128__logistic.npz
1,pca,128.0,logistic,0.1,0.88,0.8925000000000001,0.013509256086106284,"{""C"": 0.1}",128,prediction_artifacts/trial1__pca__pca128__logistic.npz
1,pca,128.0,logistic,0.2,0.8775,0.8925000000000001,0.013509256086106284,"{""C"": 0.1}",128,prediction_artifacts/trial1__pca__pca128__logistic.npz
1,pca,128.0,logistic,0.3,0.848,0.8925000000000001,0.013509256086106284,"{""C"": 0.1}",128,prediction_artifacts/trial1__pca__pca128__logistic.npz
1,pca,128.0,logistic,0.4,0.7875,0.8925000000000001,0.013509256086106284,"{""C"": 0.1}",128,prediction_artifacts/trial1__pca__pca128__logistic.npz
1,pca,128.0,linear_svm,0.0,0.8705,0.884,0.013472193585307468,"{""C"": 0.1}",128,prediction_artifacts/trial1__pca__pca128__linear_svm.npz
1,pca,128.0,linear_svm,0.1,0.867,0.884,0.013472193585307468,"{""C"": 0.1}",128,prediction_artifacts/trial1__pca__pca128__linear_svm.npz
1,pca,128.0,linear_svm,0.2,0.85,0.884,0.013472193585307468,"{""C"": 0.1}",128,prediction_artifacts/trial1__pca__pca128__linear_svm.npz
1,pca,128.0,linear_svm,0.3,0.796,0.884,0.013472193585307468,"{""C"": 0.1}",128,prediction_artifacts/trial1__pca__pca128__linear_svm.npz
1,pca,128.0,linear_svm,0.4,0.691,0.884,0.013472193585307468,"{""C"": 0.1}",128,prediction_artifacts/trial1__pca__pca128__linear_svm.npz
1,pca,128.0,knn,0.0,0.9195,0.9225000000000001,0.006519202405202638,"{""n_neighbors"": 1, ""weights"": ""uniform""}",128,prediction_artifacts/trial1__pca__pca128__knn.npz
1,pca,128.0,knn,0.1,0.9175,0.9225000000000001,0.006519202405202638,"{""n_neighbors"": 1, ""weights"": ""uniform""}",128,prediction_artifacts/trial1__pca__pca128__knn.npz
1,pca,128.0,knn,0.2,0.917,0.9225000000000001,0.006519202405202638,"{""n_neighbors"": 1, ""weights"": ""uniform""}",128,prediction_artifacts/trial1__pca__pca128__knn.npz
1,pca,128.0,knn,0.3,0.9135,0.9225000000000001,0.006519202405202638,"{""n_neighbors"": 1, ""weights"": ""uniform""}",128,prediction_artifacts/trial1__pca__pca128__knn.npz
1,pca,128.0,knn,0.4,0.9045,0.9225000000000001,0.006519202405202638,"{""n_neighbors"": 1, ""weights"": ""uniform""}",128,prediction_artifacts/trial1__pca__pca128__knn.npz
1,pca,256.0,logistic,0.0,0.8835,0.8905000000000001,0.013729530217745959,"{""C"": 0.1}",256,prediction_artifacts/trial1__pca__pca256__logistic.npz
1,pca,256.0,logistic,0.1,0.8835,0.8905000000000001,0.013729530217745959,"{""C"": 0.1}",256,prediction_artifacts/trial1__pca__pca256__logistic.npz
1,pca,256.0,logistic,0.2,0.879,0.8905000000000001,0.013729530217745959,"{""C"": 0.1}",256,prediction_artifacts/trial1__pca__pca256__logistic.npz
1,pca,256.0,logistic,0.3,0.852,0.8905000000000001,0.013729530217745959,"{""C"": 0.1}",256,prediction_artifacts/trial1__pca__pca256__logistic.npz
1,pca,256.0,logistic,0.4,0.785,0.8905000000000001,0.013729530217745959,"{""C"": 0.1}",256,prediction_artifacts/trial1__pca__pca256__logistic.npz
1,pca,256.0,linear_svm,0.0,0.8735,0.882,0.011979148550710932,"{""C"": 0.01}",256,prediction_artifacts/trial1__pca__pca256__linear_svm.npz
1,pca,256.0,linear_svm,0.1,0.8695,0.882,0.011979148550710932,"{""C"": 0.01}",256,prediction_artifacts/trial1__pca__pca256__linear_svm.npz
1,pca,256.0,linear_svm,0.2,0.8665,0.882,0.011979148550710932,"{""C"": 0.01}",256,prediction_artifacts/trial1__pca__pca256__linear_svm.npz
1,pca,256.0,linear_svm,0.3,0.8445,0.882,0.011979148550710932,"{""C"": 0.01}",256,prediction_artifacts/trial1__pca__pca256__linear_svm.npz
1,pca,256.0,linear_svm,0.4,0.796,0.882,0.011979148550710932,"{""C"": 0.01}",256,prediction_artifacts/trial1__pca__pca256__linear_svm.npz
1,pca,256.0,knn,0.0,0.92,0.9205,0.008276472678623437,"{""n_neighbors"": 1, ""weights"": ""uniform""}",256,prediction_artifacts/trial1__pca__pca256__knn.npz
1,pca,256.0,knn,0.1,0.9165,0.9205,0.008276472678623437,"{""n_neighbors"": 1, ""weights"": ""uniform""}",256,prediction_artifacts/trial1__pca__pca256__knn.npz
1,pca,256.0,knn,0.2,0.918,0.9205,0.008276472678623437,"{""n_neighbors"": 1, ""weights"": ""uniform""}",256,prediction_artifacts/trial1__pca__pca256__knn.npz
1,pca,256.0,knn,0.3,0.9105,0.9205,0.008276472678623437,"{""n_neighbors"": 1, ""weights"": ""uniform""}",256,prediction_artifacts/trial1__pca__pca256__knn.npz
1,pca,256.0,knn,0.4,0.906,0.9205,0.008276472678623437,"{""n_neighbors"": 1, ""weights"": ""uniform""}",256,prediction_artifacts/trial1__pca__pca256__knn.npz
1,pca,512.0,logistic,0.0,0.885,0.89,0.013133925536563687,"{""C"": 0.1}",512,prediction_artifacts/trial1__pca__pca512__logistic.npz
1,pca,512.0,logistic,0.1,0.8835,0.89,0.013133925536563687,"{""C"": 0.1}",512,prediction_artifacts/trial1__pca__pca512__logistic.npz
1,pca,512.0,logistic,0.2,0.879,0.89,0.013133925536563687,"{""C"": 0.1}",512,prediction_artifacts/trial1__pca__pca512__logistic.npz
1,pca,512.0,logistic,0.3,0.849,0.89,0.013133925536563687,"{""C"": 0.1}",512,prediction_artifacts/trial1__pca__pca512__logistic.npz
1,pca,512.0,logistic,0.4,0.7835,0.89,0.013133925536563687,"{""C"": 0.1}",512,prediction_artifacts/trial1__pca__pca512__logistic.npz
1,pca,512.0,linear_svm,0.0,0.8735,0.8785000000000001,0.01250999600319679,"{""C"": 0.01}",512,prediction_artifacts/trial1__pca__pca512__linear_svm.npz
1,pca,512.0,linear_svm,0.1,0.8715,0.8785000000000001,0.01250999600319679,"{""C"": 0.01}",512,prediction_artifacts/trial1__pca__pca512__linear_svm.npz
1,pca,512.0,linear_svm,0.2,0.861,0.8785000000000001,0.01250999600319679,"{""C"": 0.01}",512,prediction_artifacts/trial1__pca__pca512__linear_svm.npz
1,pca,512.0,linear_svm,0.3,0.842,0.8785000000000001,0.01250999600319679,"{""C"": 0.01}",512,prediction_artifacts/trial1__pca__pca512__linear_svm.npz
1,pca,512.0,linear_svm,0.4,0.7795,0.8785000000000001,0.01250999600319679,"{""C"": 0.01}",512,prediction_artifacts/trial1__pca__pca512__linear_svm.npz
1,pca,512.0,knn,0.0,0.9185,0.9205,0.007648529270389175,"{""n_neighbors"": 1, ""weights"": ""uniform""}",512,prediction_artifacts/trial1__pca__pca512__knn.npz
1,pca,512.0,knn,0.1,0.9155,0.9205,0.007648529270389175,"{""n_neighbors"": 1, ""weights"": ""uniform""}",512,prediction_artifacts/trial1__pca__pca512__knn.npz
1,pca,512.0,knn,0.2,0.9165,0.9205,0.007648529270389175,"{""n_neighbors"": 1, ""weights"": ""uniform""}",512,prediction_artifacts/trial1__pca__pca512__knn.npz
1,pca,512.0,knn,0.3,0.909,0.9205,0.007648529270389175,"{""n_neighbors"": 1, ""weights"": ""uniform""}",512,prediction_artifacts/trial1__pca__pca512__knn.npz
1,pca,512.0,knn,0.4,0.9065,0.9205,0.007648529270389175,"{""n_neighbors"": 1, ""weights"": ""uniform""}",512,prediction_artifacts/trial1__pca__pca512__knn.npz
1,standard_pca,16.0,logistic,0.0,0.825,0.8389999999999999,0.013564659966250557,"{""C"": 1.0}",16,prediction_artifacts/trial1__standard_pca__pca16__logistic.npz
1,standard_pca,16.0,logistic,0.1,0.3785,0.8389999999999999,0.013564659966250557,"{""C"": 1.0}",16,prediction_artifacts/trial1__standard_pca__pca16__logistic.npz
1,standard_pca,16.0,logistic,0.2,0.25,0.8389999999999999,0.013564659966250557,"{""C"": 1.0}",16,prediction_artifacts/trial1__standard_pca__pca16__logistic.npz
1,standard_pca,16.0,logistic,0.3,0.1725,0.8389999999999999,0.013564659966250557,"{""C"": 1.0}",16,prediction_artifacts/trial1__standard_pca__pca16__logistic.npz
1,standard_pca,16.0,logistic,0.4,0.1435,0.8389999999999999,0.013564659966250557,"{""C"": 1.0}",16,prediction_artifacts/trial1__standard_pca__pca16__logistic.npz
1,standard_pca,16.0,linear_svm,0.0,0.8105,0.8385,0.02267156809750929,"{""C"": 1.0}",16,prediction_artifacts/trial1__standard_pca__pca16__linear_svm.npz
1,standard_pca,16.0,linear_svm,0.1,0.4135,0.8385,0.02267156809750929,"{""C"": 1.0}",16,prediction_artifacts/trial1__standard_pca__pca16__linear_svm.npz
1,standard_pca,16.0,linear_svm,0.2,0.2475,0.8385,0.02267156809750929,"{""C"": 1.0}",16,prediction_artifacts/trial1__standard_pca__pca16__linear_svm.npz
1,standard_pca,16.0,linear_svm,0.3,0.1655,0.8385,0.02267156809750929,"{""C"": 1.0}",16,prediction_artifacts/trial1__standard_pca__pca16__linear_svm.npz
1,standard_pca,16.0,linear_svm,0.4,0.155,0.8385,0.02267156809750929,"{""C"": 1.0}",16,prediction_artifacts/trial1__standard_pca__pca16__linear_svm.npz
1,standard_pca,16.0,knn,0.0,0.867,0.8885,0.006442049363362591,"{""n_neighbors"": 11, ""weights"": ""distance""}",16,prediction_artifacts/trial1__standard_pca__pca16__knn.npz
1,standard_pca,16.0,knn,0.1,0.3315,0.8885,0.006442049363362591,"{""n_neighbors"": 11, ""weights"": ""distance""}",16,prediction_artifacts/trial1__standard_pca__pca16__knn.npz
1,standard_pca,16.0,knn,0.2,0.197,0.8885,0.006442049363362591,"{""n_neighbors"": 11, ""weights"": ""distance""}",16,prediction_artifacts/trial1__standard_pca__pca16__knn.npz
1,standard_pca,16.0,knn,0.3,0.1395,0.8885,0.006442049363362591,"{""n_neighbors"": 11, ""weights"": ""distance""}",16,prediction_artifacts/trial1__standard_pca__pca16__knn.npz
1,standard_pca,16.0,knn,0.4,0.123,0.8885,0.006442049363362591,"{""n_neighbors"": 11, ""weights"": ""distance""}",16,prediction_artifacts/trial1__standard_pca__pca16__knn.npz
1,standard_pca,32.0,logistic,0.0,0.842,0.8634999999999999,0.013472193585307457,"{""C"": 1.0}",32,prediction_artifacts/trial1__standard_pca__pca32__logistic.npz
1,standard_pca,32.0,logistic,0.1,0.2535,0.8634999999999999,0.013472193585307457,"{""C"": 1.0}",32,prediction_artifacts/trial1__standard_pca__pca32__logistic.npz
1,standard_pca,32.0,logistic,0.2,0.1885,0.8634999999999999,0.013472193585307457,"{""C"": 1.0}",32,prediction_artifacts/trial1__standard_pca__pca32__logistic.npz
1,standard_pca,32.0,logistic,0.3,0.1295,0.8634999999999999,0.013472193585307457,"{""C"": 1.0}",32,prediction_artifacts/trial1__standard_pca__pca32__logistic.npz
1,standard_pca,32.0,logistic,0.4,0.1295,0.8634999999999999,0.013472193585307457,"{""C"": 1.0}",32,prediction_artifacts/trial1__standard_pca__pca32__logistic.npz
1,standard_pca,32.0,linear_svm,0.0,0.844,0.8615,0.013379088160259662,"{""C"": 10.0}",32,prediction_artifacts/trial1__standard_pca__pca32__linear_svm.npz
1,standard_pca,32.0,linear_svm,0.1,0.2275,0.8615,0.013379088160259662,"{""C"": 10.0}",32,prediction_artifacts/trial1__standard_pca__pca32__linear_svm.npz
1,standard_pca,32.0,linear_svm,0.2,0.157,0.8615,0.013379088160259662,"{""C"": 10.0}",32,prediction_artifacts/trial1__standard_pca__pca32__linear_svm.npz
1,standard_pca,32.0,linear_svm,0.3,0.1205,0.8615,0.013379088160259662,"{""C"": 10.0}",32,prediction_artifacts/trial1__standard_pca__pca32__linear_svm.npz
1,standard_pca,32.0,linear_svm,0.4,0.1255,0.8615,0.013379088160259662,"{""C"": 10.0}",32,prediction_artifacts/trial1__standard_pca__pca32__linear_svm.npz
1,standard_pca,32.0,knn,0.0,0.8865,0.8959999999999999,0.004898979485566358,"{""n_neighbors"": 5, ""weights"": ""distance""}",32,prediction_artifacts/trial1__standard_pca__pca32__knn.npz
1,standard_pca,32.0,knn,0.1,0.1805,0.8959999999999999,0.004898979485566358,"{""n_neighbors"": 5, ""weights"": ""distance""}",32,prediction_artifacts/trial1__standard_pca__pca32__knn.npz
1,standard_pca,32.0,knn,0.2,0.1275,0.8959999999999999,0.004898979485566358,"{""n_neighbors"": 5, ""weights"": ""distance""}",32,prediction_artifacts/trial1__standard_pca__pca32__knn.npz
1,standard_pca,32.0,knn,0.3,0.098,0.8959999999999999,0.004898979485566358,"{""n_neighbors"": 5, ""weights"": ""distance""}",32,prediction_artifacts/trial1__standard_pca__pca32__knn.npz
1,standard_pca,32.0,knn,0.4,0.1045,0.8959999999999999,0.004898979485566358,"{""n_neighbors"": 5, ""weights"": ""distance""}",32,prediction_artifacts/trial1__standard_pca__pca32__knn.npz
1,standard_pca,64.0,logistic,0.0,0.866,0.8845000000000001,0.0142653426176871,"{""C"": 100.0}",64,prediction_artifacts/trial1__standard_pca__pca64__logistic.npz
1,standard_pca,64.0,logistic,0.1,0.389,0.8845000000000001,0.0142653426176871,"{""C"": 100.0}",64,prediction_artifacts/trial1__standard_pca__pca64__logistic.npz
1,standard_pca,64.0,logistic,0.2,0.2345,0.8845000000000001,0.0142653426176871,"{""C"": 100.0}",64,prediction_artifacts/trial1__standard_pca__pca64__logistic.npz
1,standard_pca,64.0,logistic,0.3,0.1605,0.8845000000000001,0.0142653426176871,"{""C"": 100.0}",64,prediction_artifacts/trial1__standard_pca__pca64__logistic.npz
1,standard_pca,64.0,logistic,0.4,0.1385,0.8845000000000001,0.0142653426176871,"{""C"": 100.0}",64,prediction_artifacts/trial1__standard_pca__pca64__logistic.npz
1,standard_pca,64.0,linear_svm,0.0,0.868,0.8744999999999999,0.005999999999999999,"{""C"": 0.1}",64,prediction_artifacts/trial1__standard_pca__pca64__linear_svm.npz
1,standard_pca,64.0,linear_svm,0.1,0.1695,0.8744999999999999,0.005999999999999999,"{""C"": 0.1}",64,prediction_artifacts/trial1__standard_pca__pca64__linear_svm.npz
1,standard_pca,64.0,linear_svm,0.2,0.129,0.8744999999999999,0.005999999999999999,"{""C"": 0.1}",64,prediction_artifacts/trial1__standard_pca__pca64__linear_svm.npz
1,standard_pca,64.0,linear_svm,0.3,0.1185,0.8744999999999999,0.005999999999999999,"{""C"": 0.1}",64,prediction_artifacts/trial1__standard_pca__pca64__linear_svm.npz
1,standard_pca,64.0,linear_svm,0.4,0.1195,0.8744999999999999,0.005999999999999999,"{""C"": 0.1}",64,prediction_artifacts/trial1__standard_pca__pca64__linear_svm.npz
1,standard_pca,64.0,knn,0.0,0.8885,0.8975,0.007071067811865474,"{""n_neighbors"": 3, ""weights"": ""distance""}",64,prediction_artifacts/trial1__standard_pca__pca64__knn.npz
1,standard_pca,64.0,knn,0.1,0.1455,0.8975,0.007071067811865474,"{""n_neighbors"": 3, ""weights"": ""distance""}",64,prediction_artifacts/trial1__standard_pca__pca64__knn.npz
1,standard_pca,64.0,knn,0.2,0.1095,0.8975,0.007071067811865474,"{""n_neighbors"": 3, ""weights"": ""distance""}",64,prediction_artifacts/trial1__standard_pca__pca64__knn.npz
1,standard_pca,64.0,knn,0.3,0.1015,0.8975,0.007071067811865474,"{""n_neighbors"": 3, ""weights"": ""distance""}",64,prediction_artifacts/trial1__standard_pca__pca64__knn.npz
1,standard_pca,64.0,knn,0.4,0.1085,0.8975,0.007071067811865474,"{""n_neighbors"": 3, ""weights"": ""distance""}",64,prediction_artifacts/trial1__standard_pca__pca64__knn.npz
1,standard_pca,128.0,logistic,0.0,0.871,0.889,0.007999999999999993,"{""C"": 1.0}",128,prediction_artifacts/trial1__standard_pca__pca128__logistic.npz
1,standard_pca,128.0,logistic,0.1,0.5,0.889,0.007999999999999993,"{""C"": 1.0}",128,prediction_artifacts/trial1__standard_pca__pca128__logistic.npz
1,standard_pca,128.0,logistic,0.2,0.3165,0.889,0.007999999999999993,"{""C"": 1.0}",128,prediction_artifacts/trial1__standard_pca__pca128__logistic.npz
1,standard_pca,128.0,logistic,0.3,0.2115,0.889,0.007999999999999993,"{""C"": 1.0}",128,prediction_artifacts/trial1__standard_pca__pca128__logistic.npz
1,standard_pca,128.0,logistic,0.4,0.1725,0.889,0.007999999999999993,"{""C"": 1.0}",128,prediction_artifacts/trial1__standard_pca__pca128__logistic.npz
1,standard_pca,128.0,linear_svm,0.0,0.8575,0.874,0.015700318468107582,"{""C"": 0.01}",128,prediction_artifacts/trial1__standard_pca__pca128__linear_svm.npz
1,standard_pca,128.0,linear_svm,0.1,0.174,0.874,0.015700318468107582,"{""C"": 0.01}",128,prediction_artifacts/trial1__standard_pca__pca128__linear_svm.npz
1,standard_pca,128.0,linear_svm,0.2,0.1275,0.874,0.015700318468107582,"{""C"": 0.01}",128,prediction_artifacts/trial1__standard_pca__pca128__linear_svm.npz
1,standard_pca,128.0,linear_svm,0.3,0.1025,0.874,0.015700318468107582,"{""C"": 0.01}",128,prediction_artifacts/trial1__standard_pca__pca128__linear_svm.npz
1,standard_pca,128.0,linear_svm,0.4,0.106,0.874,0.015700318468107582,"{""C"": 0.01}",128,prediction_artifacts/trial1__standard_pca__pca128__linear_svm.npz
1,standard_pca,128.0,knn,0.0,0.881,0.8915,0.013000000000000024,"{""n_neighbors"": 5, ""weights"": ""distance""}",128,prediction_artifacts/trial1__standard_pca__pca128__knn.npz
1,standard_pca,128.0,knn,0.1,0.237,0.8915,0.013000000000000024,"{""n_neighbors"": 5, ""weights"": ""distance""}",128,prediction_artifacts/trial1__standard_pca__pca128__knn.npz
1,standard_pca,128.0,knn,0.2,0.1125,0.8915,0.013000000000000024,"{""n_neighbors"": 5, ""weights"": ""distance""}",128,prediction_artifacts/trial1__standard_pca__pca128__knn.npz
1,standard_pca,128.0,knn,0.3,0.0965,0.8915,0.013000000000000024,"{""n_neighbors"": 5, ""weights"": ""distance""}",128,prediction_artifacts/trial1__standard_pca__pca128__knn.npz
1,standard_pca,128.0,knn,0.4,0.104,0.8915,0.013000000000000024,"{""n_neighbors"": 5, ""weights"": ""distance""}",128,prediction_artifacts/trial1__standard_pca__pca128__knn.npz
1,standard_pca,256.0,logistic,0.0,0.874,0.8915,0.008455767262643884,"{""C"": 100.0}",256,prediction_artifacts/trial1__standard_pca__pca256__logistic.npz
1,standard_pca,256.0,logistic,0.1,0.516,0.8915,0.008455767262643884,"{""C"": 100.0}",256,prediction_artifacts/trial1__standard_pca__pca256__logistic.npz
1,standard_pca,256.0,logistic,0.2,0.313,0.8915,0.008455767262643884,"{""C"": 100.0}",256,prediction_artifacts/trial1__standard_pca__pca256__logistic.npz
1,standard_pca,256.0,logistic,0.3,0.21,0.8915,0.008455767262643884,"{""C"": 100.0}",256,prediction_artifacts/trial1__standard_pca__pca256__logistic.npz
1,standard_pca,256.0,logistic,0.4,0.166,0.8915,0.008455767262643884,"{""C"": 100.0}",256,prediction_artifacts/trial1__standard_pca__pca256__logistic.npz
1,standard_pca,256.0,linear_svm,0.0,0.857,0.866,0.014882876066137219,"{""C"": 0.01}",256,prediction_artifacts/trial1__standard_pca__pca256__linear_svm.npz
1,standard_pca,256.0,linear_svm,0.1,0.163,0.866,0.014882876066137219,"{""C"": 0.01}",256,prediction_artifacts/trial1__standard_pca__pca256__linear_svm.npz
1,standard_pca,256.0,linear_svm,0.2,0.1175,0.866,0.014882876066137219,"{""C"": 0.01}",256,prediction_artifacts/trial1__standard_pca__pca256__linear_svm.npz
1,standard_pca,256.0,linear_svm,0.3,0.104,0.866,0.014882876066137219,"{""C"": 0.01}",256,prediction_artifacts/trial1__standard_pca__pca256__linear_svm.npz
1,standard_pca,256.0,linear_svm,0.4,0.11,0.866,0.014882876066137219,"{""C"": 0.01}",256,prediction_artifacts/trial1__standard_pca__pca256__linear_svm.npz
1,standard_pca,256.0,knn,0.0,0.8735,0.877,0.010653637876331236,"{""n_neighbors"": 5, ""weights"": ""distance""}",256,prediction_artifacts/trial1__standard_pca__pca256__knn.npz
1,standard_pca,256.0,knn,0.1,0.442,0.877,0.010653637876331236,"{""n_neighbors"": 5, ""weights"": ""distance""}",256,prediction_artifacts/trial1__standard_pca__pca256__knn.npz
1,standard_pca,256.0,knn,0.2,0.1515,0.877,0.010653637876331236,"{""n_neighbors"": 5, ""weights"": ""distance""}",256,prediction_artifacts/trial1__standard_pca__pca256__knn.npz
1,standard_pca,256.0,knn,0.3,0.1,0.877,0.010653637876331236,"{""n_neighbors"": 5, ""weights"": ""distance""}",256,prediction_artifacts/trial1__standard_pca__pca256__knn.npz
1,standard_pca,256.0,knn,0.4,0.1055,0.877,0.010653637876331236,"{""n_neighbors"": 5, ""weights"": ""distance""}",256,prediction_artifacts/trial1__standard_pca__pca256__knn.npz
1,standard_pca,512.0,logistic,0.0,0.872,0.8925000000000001,0.008514693182963207,"{""C"": 100.0}",512,prediction_artifacts/trial1__standard_pca__pca512__logistic.npz
1,standard_pca,512.0,logistic,0.1,0.5175,0.8925000000000001,0.008514693182963207,"{""C"": 100.0}",512,prediction_artifacts/trial1__standard_pca__pca512__logistic.npz
1,standard_pca,512.0,logistic,0.2,0.322,0.8925000000000001,0.008514693182963207,"{""C"": 100.0}",512,prediction_artifacts/trial1__standard_pca__pca512__logistic.npz
1,standard_pca,512.0,logistic,0.3,0.218,0.8925000000000001,0.008514693182963207,"{""C"": 100.0}",512,prediction_artifacts/trial1__standard_pca__pca512__logistic.npz
1,standard_pca,512.0,logistic,0.4,0.165,0.8925000000000001,0.008514693182963207,"{""C"": 100.0}",512,prediction_artifacts/trial1__standard_pca__pca512__logistic.npz
1,standard_pca,512.0,linear_svm,0.0,0.8465,0.8555000000000001,0.01964688270438851,"{""C"": 0.01}",512,prediction_artifacts/trial1__standard_pca__pca512__linear_svm.npz
1,standard_pca,512.0,linear_svm,0.1,0.172,0.8555000000000001,0.01964688270438851,"{""C"": 0.01}",512,prediction_artifacts/trial1__standard_pca__pca512__linear_svm.npz
1,standard_pca,512.0,linear_svm,0.2,0.134,0.8555000000000001,0.01964688270438851,"{""C"": 0.01}",512,prediction_artifacts/trial1__standard_pca__pca512__linear_svm.npz
1,standard_pca,512.0,linear_svm,0.3,0.112,0.8555000000000001,0.01964688270438851,"{""C"": 0.01}",512,prediction_artifacts/trial1__standard_pca__pca512__linear_svm.npz
1,standard_pca,512.0,linear_svm,0.4,0.111,0.8555000000000001,0.01964688270438851,"{""C"": 0.01}",512,prediction_artifacts/trial1__standard_pca__pca512__linear_svm.npz
1,standard_pca,512.0,knn,0.0,0.8715,0.874,0.011575836902790236,"{""n_neighbors"": 5, ""weights"": ""distance""}",512,prediction_artifacts/trial1__standard_pca__pca512__knn.npz
1,standard_pca,512.0,knn,0.1,0.5255,0.874,0.011575836902790236,"{""n_neighbors"": 5, ""weights"": ""distance""}",512,prediction_artifacts/trial1__standard_pca__pca512__knn.npz
1,standard_pca,512.0,knn,0.2,0.1665,0.874,0.011575836902790236,"{""n_neighbors"": 5, ""weights"": ""distance""}",512,prediction_artifacts/trial1__standard_pca__pca512__knn.npz
1,standard_pca,512.0,knn,0.3,0.099,0.874,0.011575836902790236,"{""n_neighbors"": 5, ""weights"": ""distance""}",512,prediction_artifacts/trial1__standard_pca__pca512__knn.npz
1,standard_pca,512.0,knn,0.4,0.105,0.874,0.011575836902790236,"{""n_neighbors"": 5, ""weights"": ""distance""}",512,prediction_artifacts/trial1__standard_pca__pca512__knn.npz
